filename,recommend_1_brand,recommend_1_product,recommend_1_hex,recommend_1_deltaE,recommend_2_brand,recommend_2_product,recommend_2_hex,recommend_2_deltaE,recommend_3_brand,recommend_3_product,recommend_3_hex,recommend_3_deltaE
black (1).jpg,L'Oréal,Infalliable,deb09e,1.88,Make Up For Ever,Ultra HD,dca795,1.88,L'Oréal,True Match,dcb29a,1.88
black (10).jpg,Make Up For Ever,Ultra HD,daad90,1.56,Make Up For Ever,Ultra HD,d4a689,1.56,MAC,Studio Fix,d1a88a,1.56
black (100).jpg,Make Up For Ever,Ultra HD,d8ab8b,1.05,Make Up For Ever,Ultra HD,daad90,1.05,Make Up For Ever,Ultra HD,d4a689,1.05
black (101).jpg,Maybelline,Fit Me,bd9584,10.08,L'Oréal,Infalliable,d1a396,10.08,Maybelline,Fit Me,c1a07e,10.08
black (102).jpg,L'Oréal,Infalliable,d1a396,3.68,Make Up For Ever,Ultra HD,dca795,3.68,L'Oréal,Infalliable,deb09e,3.68
black (103).jpg,Maybelline,Fit Me,bd9584,7.81,L'Oréal,Infalliable,d1a396,7.81,Make Up For Ever,Ultra HD,dcb59c,7.81
black (104).jpg,MAC,Studio Fix,d1a88a,1.52,Make Up For Ever,Ultra HD,daad90,1.52,MAC,Studio Fix,d5b293,1.52
black (105).jpg,Make Up For Ever,Ultra HD,d79e89,3.01,Make Up For Ever,Ultra HD,c99980,3.01,Make Up For Ever,Ultra HD,dca795,3.01
black (106).jpg,Make Up For Ever,Ultra HD,d4a689,1.74,MAC,Studio Fix,d1a88a,1.74,Make Up For Ever,Ultra HD,d9a586,1.74
black (107).jpg,Maybelline,Fit Me,bd9584,11.0,L'Oréal,Infalliable,d1a396,11.0,MAC,Studio Fix,dcbca2,11.0
black (108).jpg,Make Up For Ever,Ultra HD,d9a586,2.21,Make Up For Ever,Ultra HD,d4a689,2.21,Make Up For Ever,Ultra HD,d8ab8b,2.21
black (109).jpg,Make Up For Ever,Ultra HD,dcb59c,3.79,MAC,Studio Fix,d5b293,3.79,MAC,Studio Fix,dcbca2,3.79
black (11).jpg,L'Oréal,Infalliable,d1a396,9.51,Maybelline,Fit Me,bd9584,9.51,Make Up For Ever,Ultra HD,dcb59c,9.51
black (110).jpg,L'Oréal,Infalliable,deb09e,2.69,Make Up For Ever,Ultra HD,dca795,2.69,L'Oréal,True Match,dcb29a,2.69
black (111).jpg,Make Up For Ever,Ultra HD,c99980,2.79,Make Up For Ever,Ultra HD,d4a689,2.79,L'Oréal,Infalliable,cf9c7d,2.79
black (112).jpg,L'Oréal,Infalliable,d1a396,9.51,Maybelline,Fit Me,bd9584,9.51,Make Up For Ever,Ultra HD,dcb59c,9.51
black (113).jpg,Make Up For Ever,Ultra HD,d9a586,1.03,Make Up For Ever,Ultra HD,d4a689,1.03,Make Up For Ever,Ultra HD,d8ab8b,1.03
black (114).jpg,L'Oréal,Infalliable,d1a396,2.43,Maybelline,Fit Me,bd9584,2.43,Make Up For Ever,Ultra HD,dca795,2.43
black (115).jpg,Make Up For Ever,Ultra HD,d9a586,2.0,Make Up For Ever,Ultra HD,d4a689,2.0,L'Oréal,Infalliable,cf9c7d,2.0
black (116).jpg,MAC,Studio Fix,d1a88a,3.14,Make Up For Ever,Ultra HD,dcb59c,3.14,L'Oréal,True Match,dcb29a,3.14
black (117).jpg,MAC,Studio Fix,d1a88a,4.13,Make Up For Ever,Ultra HD,daad90,4.13,Make Up For Ever,Ultra HD,dcb59c,4.13
black (118).jpg,MAC,Studio Fix,d1a88a,2.84,Make Up For Ever,Ultra HD,d4a689,2.84,Make Up For Ever,Ultra HD,daad90,2.84
black (119).jpg,Make Up For Ever,Ultra HD,dca795,4.19,L'Oréal,Infalliable,deb09e,4.19,L'Oréal,True Match,dcb29a,4.19
black (12).jpg,Make Up For Ever,Ultra HD,d79e89,2.92,Make Up For Ever,Ultra HD,dca795,2.92,Make Up For Ever,Ultra HD,d9a586,2.92
black (120).jpg,L'Oréal,Infalliable,d1a396,1.08,Make Up For Ever,Ultra HD,dca795,1.08,L'Oréal,Infalliable,deb09e,1.08
black (121).jpg,Make Up For Ever,Ultra HD,dcb59c,6.44,L'Oréal,Infalliable,d1a396,6.44,MAC,Studio Fix,dcbca2,6.44
black (122).jpg,Maybelline,Fit Me,c1a07e,7.41,Make Up For Ever,Ultra HD,dcb59c,7.41,MAC,Studio Fix,d5b293,7.41
black (123).jpg,Make Up For Ever,Ultra HD,dcb59c,5.87,MAC,Studio Fix,d1a88a,5.87,L'Oréal,True Match,dcb29a,5.87
black (124).jpg,MAC,Studio Fix,d1a88a,2.64,Maybelline,Fit Me,c1a07e,2.64,MAC,Studio Fix,d5b293,2.64
black (125).jpg,Make Up For Ever,Ultra HD,daad90,2.84,Make Up For Ever,Ultra HD,e3b296,2.84,L'Oréal,True Match,dcb29a,2.84
black (13).jpg,Maybelline,Fit Me,c1a07e,7.41,Make Up For Ever,Ultra HD,dcb59c,7.41,MAC,Studio Fix,d5b293,7.41
black (14).jpg,MAC,Studio Fix,d1a88a,2.64,Maybelline,Fit Me,c1a07e,2.64,MAC,Studio Fix,d5b293,2.64
black (15).jpg,Make Up For Ever,Ultra HD,d69b81,5.48,L'Oréal,Infalliable,e5ad8b,5.48,Make Up For Ever,Ultra HD,d19578,5.48
black (16).jpg,L'Oréal,Infalliable,d1a396,3.03,Make Up For Ever,Ultra HD,dca795,3.03,Make Up For Ever,Ultra HD,d79e89,3.03
black (17).jpg,L'Oréal,Infalliable,d1a396,5.24,Maybelline,Fit Me,bd9584,5.24,L'Oréal,Infalliable,deb09e,5.24
black (18).jpg,MAC,Studio Fix,d1a88a,4.13,Make Up For Ever,Ultra HD,daad90,4.13,Make Up For Ever,Ultra HD,dcb59c,4.13
black (19).jpg,Make Up For Ever,Ultra HD,d8ab8b,1.24,Make Up For Ever,Ultra HD,d4a689,1.24,Make Up For Ever,Ultra HD,daad90,1.24
black (2).jpg,Make Up For Ever,Ultra HD,dcb59c,7.21,MAC,Studio Fix,dcbca2,7.21,L'Oréal,Infalliable,d1a396,7.21
black (20).jpg,L'Oréal,Infalliable,e5ad8b,1.27,Make Up For Ever,Ultra HD,d9a586,1.27,Make Up For Ever,Ultra HD,e7b391,1.27
black (21).jpg,L'Oréal,Infalliable,d1a396,3.62,Make Up For Ever,Ultra HD,dca795,3.62,L'Oréal,Infalliable,deb09e,3.62
black (22).jpg,Make Up For Ever,Ultra HD,dca795,2.05,L'Oréal,Infalliable,deb09e,2.05,L'Oréal,Infalliable,d1a396,2.05
black (23).jpg,L'Oréal,Infalliable,d1a396,8.58,Maybelline,Fit Me,bd9584,8.58,Make Up For Ever,Ultra HD,dcb59c,8.58
black (24).jpg,Make Up For Ever,Ultra HD,d8ab8b,1.24,MAC,Studio Fix,d5ad89,1.24,Make Up For Ever,Ultra HD,e3b391,1.24
black (25).jpg,L'Oréal,Infalliable,d1a396,4.2,Maybelline,Fit Me,bd9584,4.2,L'Oréal,Infalliable,deb09e,4.2
black (26).jpg,Make Up For Ever,Ultra HD,e3b296,2.35,Make Up For Ever,Ultra HD,daad90,2.35,Make Up For Ever,Ultra HD,d4a689,2.35
black (27).jpg,NARS,Velvet Matte,dfa575,3.14,NARS,Velvet Matte,e4aa7c,3.14,NARS,Velvet Matte,dd9e6d,3.14
black (28).jpg,L'Oréal,Infalliable,d1a396,2.43,Maybelline,Fit Me,bd9584,2.43,Make Up For Ever,Ultra HD,dca795,2.43
black (29).jpg,Make Up For Ever,Ultra HD,d8ab8b,1.5,Make Up For Ever,Ultra HD,e3b391,1.5,Make Up For Ever,Ultra HD,daad90,1.5
black (3).jpg,L'Oréal,Infalliable,deb09e,3.22,L'Oréal,True Match,dcb29a,3.22,L'Oréal,Infalliable,d1a396,3.22
black (30).jpg,L'Oréal,Infalliable,d1a396,2.27,Make Up For Ever,Ultra HD,dca795,2.27,Make Up For Ever,Ultra HD,d79e89,2.27
black (31).jpg,Make Up For Ever,Ultra HD,d9a586,2.0,Make Up For Ever,Ultra HD,d4a689,2.0,L'Oréal,Infalliable,cf9c7d,2.0
black (32).jpg,Maybelline,Fit Me Matte,d69c74,3.16,Make Up For Ever,Ultra HD,d19578,3.16,Make Up For Ever,Ultra HD,d69b81,3.16
black (33).jpg,L'Oréal,Infalliable,d1a396,9.85,Maybelline,Fit Me,bd9584,9.85,MAC,Studio Fix,dcbca2,9.85
black (34).jpg,Make Up For Ever,Ultra HD,dca795,2.28,Make Up For Ever,Ultra HD,d79e89,2.28,L'Oréal,Infalliable,deb09e,2.28
black (35).jpg,L'Oréal,Infalliable,d1a396,4.24,Maybelline,Fit Me,bd9584,4.24,L'Oréal,Infalliable,deb09e,4.24
black (36).jpg,L'Oréal,Infalliable,d1a396,2.83,Make Up For Ever,Ultra HD,dca795,2.83,L'Oréal,Infalliable,deb09e,2.83
black (37).jpg,Make Up For Ever,Ultra HD,dcb59c,4.42,L'Oréal,Infalliable,deb09e,4.42,L'Oréal,True Match,dcb29a,4.42
black (38).jpg,Make Up For Ever,Ultra HD,d4a689,1.14,Make Up For Ever,Ultra HD,daad90,1.14,MAC,Studio Fix,d1a88a,1.14
black (39).jpg,Make Up For Ever,Ultra HD,daad90,2.02,Make Up For Ever,Ultra HD,d4a689,2.02,Make Up For Ever,Ultra HD,e3b296,2.02
black (4).jpg,Maybelline,Fit Me,bd9584,11.0,L'Oréal,Infalliable,d1a396,11.0,MAC,Studio Fix,dcbca2,11.0
black (40).jpg,Make Up For Ever,Ultra HD,d8ab8b,0.84,Make Up For Ever,Ultra HD,d4a689,0.84,MAC,Studio Fix,d1a88a,0.84
black (41).jpg,Make Up For Ever,Ultra HD,d79e89,2.23,Make Up For Ever,Ultra HD,d69b81,2.23,Make Up For Ever,Ultra HD,d59682,2.23
black (42).jpg,L'Oréal,Infalliable,d1a396,6.98,Maybelline,Fit Me,e1bba7,6.98,L'Oréal,Infalliable,deb09e,6.98
black (43).jpg,Make Up For Ever,Ultra HD,dca795,2.03,Make Up For Ever,Ultra HD,d79e89,2.03,Make Up For Ever,Ultra HD,e3b296,2.03
black (44).jpg,Make Up For Ever,Ultra HD,dca795,2.0,L'Oréal,Infalliable,deb09e,2.0,L'Oréal,True Match,dcb29a,2.0
black (45).jpg,L'Oréal,Infalliable,e5ad8b,3.28,Make Up For Ever,Ultra HD,d9a586,3.28,Make Up For Ever,Ultra HD,e3b296,3.28
black (46).jpg,MAC,Studio Fix,d1a88a,2.0,Make Up For Ever,Ultra HD,daad90,2.0,MAC,Studio Fix,d5b293,2.0
black (47).jpg,Maybelline,Fit Me Matte,d69c74,3.1,Make Up For Ever,Ultra HD,d9a586,3.1,L'Oréal,Infalliable,e5ad8b,3.1
black (48).jpg,Make Up For Ever,Ultra HD,d79e89,0.59,Make Up For Ever,Ultra HD,dca795,0.59,Make Up For Ever,Ultra HD,d69b81,0.59
black (49).jpg,Make Up For Ever,Ultra HD,d79e89,3.11,Make Up For Ever,Ultra HD,d69b81,3.11,Make Up For Ever,Ultra HD,dca795,3.11
black (5).jpg,L'Oréal,Infalliable,e7ad82,2.4,L'Oréal,Infalliable,e5ad8b,2.4,NARS,Velvet Matte,e4aa7c,2.4
black (50).jpg,Make Up For Ever,Ultra HD,d69b81,2.94,Make Up For Ever,Ultra HD,d79e89,2.94,Make Up For Ever,Ultra HD,d9a586,2.94
black (51).jpg,Make Up For Ever,Ultra HD,d4a689,1.37,Make Up For Ever,Ultra HD,d8ab8b,1.37,Make Up For Ever,Ultra HD,d9a586,1.37
black (52).jpg,Make Up For Ever,Ultra HD,d9a586,2.64,Make Up For Ever,Ultra HD,d4a689,2.64,Make Up For Ever,Ultra HD,e3b296,2.64
black (53).jpg,L'Oréal,Infalliable,e5ad8b,1.62,Make Up For Ever,Ultra HD,d9a586,1.62,Make Up For Ever,Ultra HD,e7b391,1.62
black (54).jpg,L'Oréal,Infalliable,d1a396,2.54,Maybelline,Fit Me,bd9584,2.54,Make Up For Ever,Ultra HD,dca795,2.54
black (55).jpg,L'Oréal,Infalliable,e5ad8b,0.88,Make Up For Ever,Ultra HD,d9a586,0.88,Make Up For Ever,Ultra HD,e7b391,0.88
black (56).jpg,L'Oréal,Infalliable,d1a396,1.07,Make Up For Ever,Ultra HD,dca795,1.07,L'Oréal,Infalliable,deb09e,1.07
black (57).jpg,Make Up For Ever,Ultra HD,dca795,1.05,L'Oréal,Infalliable,deb09e,1.05,Make Up For Ever,Ultra HD,d79e89,1.05
black (58).jpg,L'Oréal,Infalliable,d1a396,4.14,L'Oréal,Infalliable,deb09e,4.14,Make Up For Ever,Ultra HD,dcb59c,4.14
black (59).jpg,L'Oréal,Infalliable,d1a396,4.02,Maybelline,Fit Me,bd9584,4.02,L'Oréal,Infalliable,deb09e,4.02
black (6).jpg,Make Up For Ever,Ultra HD,dca795,3.41,L'Oréal,Infalliable,d1a396,3.41,Make Up For Ever,Ultra HD,d79e89,3.41
black (60).jpg,L'Oréal,Infalliable,d1a396,6.51,L'Oréal,Infalliable,deb09e,6.51,Maybelline,Fit Me,e1bba7,6.51
black (61).jpg,Make Up For Ever,Ultra HD,dca795,2.03,L'Oréal,Infalliable,d1a396,2.03,L'Oréal,Infalliable,deb09e,2.03
black (62).jpg,L'Oréal,Infalliable,deb09e,4.33,L'Oréal,True Match,dcb29a,4.33,L'Oréal,Infalliable,d1a396,4.33
black (63).jpg,L'Oréal,Infalliable,d1a396,1.07,Make Up For Ever,Ultra HD,dca795,1.07,L'Oréal,Infalliable,deb09e,1.07
black (64).jpg,Make Up For Ever,Ultra HD,d9a586,1.43,Maybelline,Fit Me,d09e7c,1.43,L'Oréal,Infalliable,cf9c7d,1.43
black (65).jpg,Make Up For Ever,Ultra HD,d8ab8b,2.0,MAC,Studio Fix,d5ad89,2.0,Make Up For Ever,Ultra HD,d9a586,2.0
black (66).jpg,Make Up For Ever,Ultra HD,dcb59c,2.27,L'Oréal,True Match,dcb29a,2.27,Maybelline,Fit Me Matte,dcb297,2.27
black (67).jpg,L'Oréal,Infalliable,d1a396,3.43,L'Oréal,Infalliable,deb09e,3.43,Make Up For Ever,Ultra HD,dca795,3.43
black (68).jpg,MAC,Studio Fix,d5ad89,2.85,Maybelline,Fit Me,e4b38e,2.85,Make Up For Ever,Ultra HD,d8ab8b,2.85
black (69).jpg,MAC,Studio Fix,d5ad89,0.33,MAC,Studio Fix,d9b28d,0.33,MAC,Studio Fix,d2ae88,0.33
black (7).jpg,Maybelline,Fit Me,c7967d,3.18,Make Up For Ever,Ultra HD,c99980,3.18,Make Up For Ever,Ultra HD,c7977b,3.18
black (70).jpg,L'Oréal,Infalliable,d1a396,7.47,Maybelline,Fit Me,e1bba7,7.47,L'Oréal,Infalliable,deb09e,7.47
black (71).jpg,L'Oréal,Infalliable,d1a396,2.96,L'Oréal,Infalliable,deb09e,2.96,Make Up For Ever,Ultra HD,dca795,2.96
black (72).jpg,Make Up For Ever,Ultra HD,d4a689,3.17,Make Up For Ever,Ultra HD,daad90,3.17,MAC,Studio Fix,d1a88a,3.17
black (73).jpg,MAC,Studio Fix,dcbca2,5.59,Make Up For Ever,Ultra HD,dcb59c,5.59,MAC,Studio Fix,dbbc9f,5.59
black (74).jpg,L'Oréal,Infalliable,d1a396,8.58,Maybelline,Fit Me,bd9584,8.58,Make Up For Ever,Ultra HD,dcb59c,8.58
black (75).jpg,MAC,Studio Fix,d5b293,3.87,MAC,Studio Fix,d2ae88,3.87,MAC,Studio Fix,d8b593,3.87
black (76).jpg,MAC,Studio Fix,d5b293,2.57,MAC,Studio Fix,d8b593,2.57,Make Up For Ever,Ultra HD,dcb59c,2.57
black (77).jpg,Make Up For Ever,Ultra HD,e3b296,2.35,Make Up For Ever,Ultra HD,daad90,2.35,Make Up For Ever,Ultra HD,d4a689,2.35
black (78).jpg,L'Oréal,Infalliable,d1a396,3.68,L'Oréal,Infalliable,deb09e,3.68,L'Oréal,True Match,dcb29a,3.68
black (79).jpg,L'Oréal,Infalliable,e7ad82,2.19,NARS,Velvet Matte,e4aa7c,2.19,Maybelline,Fit Me,e2aa7b,2.19
black (8).jpg,Make Up For Ever,Ultra HD,d9a586,2.24,L'Oréal,Infalliable,e5ad8b,2.24,L'Oréal,Infalliable,cf9c7d,2.24
black (80).jpg,L'Oréal,Infalliable,d1a396,7.86,Maybelline,Fit Me,e1bba7,7.86,L'Oréal,Infalliable,deb09e,7.86
black (81).jpg,Maybelline,Fit Me,bd9584,6.49,L'Oréal,Infalliable,d1a396,6.49,L'Oréal,Infalliable,deb09e,6.49
black (82).jpg,Make Up For Ever,Ultra HD,dca795,2.35,Make Up For Ever,Ultra HD,e3b296,2.35,Make Up For Ever,Ultra HD,d79e89,2.35
black (83).jpg,L'Oréal,Infalliable,d1a396,2.54,Make Up For Ever,Ultra HD,dca795,2.54,Make Up For Ever,Ultra HD,d79e89,2.54
black (84).jpg,Maybelline,Fit Me,bd9584,2.0,Maybelline,Fit Me,c7967d,2.0,Make Up For Ever,Ultra HD,c99980,2.0
black (85).jpg,L'Oréal,Infalliable,d1a396,8.75,Maybelline,Fit Me,bd9584,8.75,L'Oréal,Infalliable,deb09e,8.75
black (86).jpg,Make Up For Ever,Ultra HD,d9a586,1.03,Maybelline,Fit Me,d09e7c,1.03,L'Oréal,Infalliable,cf9c7d,1.03
black (87).jpg,L'Oréal,Infalliable,d1a396,3.73,Make Up For Ever,Ultra HD,c99980,3.73,Maybelline,Fit Me,bd9584,3.73
black (88).jpg,Make Up For Ever,Ultra HD,d4a689,3.22,MAC,Studio Fix,d1a88a,3.22,Make Up For Ever,Ultra HD,daad90,3.22
black (89).jpg,L'Oréal,Infalliable,d1a396,2.57,Maybelline,Fit Me,bd9584,2.57,Make Up For Ever,Ultra HD,dca795,2.57
black (9).jpg,Make Up For Ever,Ultra HD,d9a586,3.17,Maybelline,Fit Me Matte,d69c74,3.17,L'Oréal,Infalliable,e5ad8b,3.17
black (90).jpg,MAC,Studio Fix,d5ad89,1.91,Make Up For Ever,Ultra HD,d8ab8b,1.91,Make Up For Ever,Ultra HD,d4a689,1.91
black (91).jpg,Make Up For Ever,Ultra HD,d4a689,2.46,MAC,Studio Fix,d1a88a,2.46,Make Up For Ever,Ultra HD,daad90,2.46
black (92).jpg,Make Up For Ever,Ultra HD,daad90,2.26,MAC,Studio Fix,d1a88a,2.26,L'Oréal,True Match,dcb29a,2.26
black (93).jpg,Make Up For Ever,Ultra HD,d69b81,2.37,Make Up For Ever,Ultra HD,d19578,2.37,L'Oréal,Infalliable,cf9c7d,2.37
black (94).jpg,L'Oréal,Infalliable,deb09e,2.74,L'Oréal,True Match,dcb29a,2.74,Make Up For Ever,Ultra HD,dcb59c,2.74
black (95).jpg,Make Up For Ever,Ultra HD,d4a689,2.32,MAC,Studio Fix,d1a88a,2.32,Make Up For Ever,Ultra HD,daad90,2.32
black (96).jpg,Maybelline,Fit Me,bd9584,6.16,L'Oréal,Infalliable,d1a396,6.16,Maybelline,Fit Me,c1a07e,6.16
black (97).jpg,Maybelline,Fit Me,c7967d,0.12,Make Up For Ever,Ultra HD,c99980,0.12,Make Up For Ever,Ultra HD,c7977b,0.12
black (98).jpg,L'Oréal,Infalliable,d1a396,2.93,L'Oréal,Infalliable,deb09e,2.93,Make Up For Ever,Ultra HD,dca795,2.93
black (99).jpg,Make Up For Ever,Ultra HD,dca795,2.77,L'Oréal,Infalliable,d1a396,2.77,Make Up For Ever,Ultra HD,d79e89,2.77
brown (1).jpg,L'Oréal,Infalliable,e5ad8b,2.5,Make Up For Ever,Ultra HD,d9a586,2.5,L'Oréal,Infalliable,e7ad82,2.5
brown (10).jpg,Make Up For Ever,Ultra HD,d69b81,2.99,Make Up For Ever,Ultra HD,d59682,2.99,Make Up For Ever,Ultra HD,d19578,2.99
brown (100).jpg,Make Up For Ever,Ultra HD,d9a586,2.25,L'Oréal,Infalliable,e5ad8b,2.25,L'Oréal,Infalliable,cf9c7d,2.25
brown (101).jpg,MAC,Studio Fix,d1a88a,0.16,Make Up For Ever,Ultra HD,daad90,0.16,Make Up For Ever,Ultra HD,d4a689,0.16
brown (102).jpg,MAC,Studio Fix,d1a88a,2.84,Make Up For Ever,Ultra HD,d4a689,2.84,Make Up For Ever,Ultra HD,daad90,2.84
brown (103).jpg,MAC,Studio Fix,d2ae88,0.45,MAC,Studio Fix,d5ad89,0.45,MAC,Studio Fix,d9b28d,0.45
brown (104).jpg,Make Up For Ever,Ultra HD,d8ab8b,1.0,MAC,Studio Fix,d5ad89,1.0,Make Up For Ever,Ultra HD,d4a689,1.0
brown (105).jpg,Make Up For Ever,Ultra HD,dca795,2.28,L'Oréal,Infalliable,d1a396,2.28,L'Oréal,Infalliable,deb09e,2.28
brown (106).jpg,Make Up For Ever,Ultra HD,d9a586,1.01,Make Up For Ever,Ultra HD,d4a689,1.01,Make Up For Ever,Ultra HD,d8ab8b,1.01
brown (107).jpg,Make Up For Ever,Ultra HD,daad90,1.42,Make Up For Ever,Ultra HD,d8ab8b,1.42,Make Up For Ever,Ultra HD,d4a689,1.42
brown (108).jpg,Make Up For Ever,Ultra HD,daad90,1.04,Make Up For Ever,Ultra HD,d4a689,1.04,Make Up For Ever,Ultra HD,d8ab8b,1.04
brown (109).jpg,MAC,Studio Fix,cfa67d,2.96,MAC,Studio Fix,d0a87f,2.96,MAC,Studio Fix,d0a97b,2.96
brown (11).jpg,Maybelline,Fit Me,e3b082,2.26,L'Oréal,Infalliable,e7ad82,2.26,Maybelline,Fit Me,e4b38e,2.26
brown (110).jpg,Make Up For Ever,Ultra HD,c99980,2.47,L'Oréal,Infalliable,cf9c7d,2.47,Make Up For Ever,Ultra HD,c7977b,2.47
brown (111).jpg,L'Oréal,Infalliable,d1a396,5.0,MAC,Studio Fix,d1a88a,5.0,Make Up For Ever,Ultra HD,dcb59c,5.0
brown (112).jpg,Make Up For Ever,Ultra HD,dcb59c,2.48,L'Oréal,True Match,dcb29a,2.48,Maybelline,Fit Me Matte,dcb297,2.48
brown (113).jpg,Maybelline,Fit Me,bd9584,6.56,L'Oréal,Infalliable,d1a396,6.56,Make Up For Ever,Ultra HD,dcb59c,6.56
brown (114).jpg,Make Up For Ever,Ultra HD,d4a689,1.52,Make Up For Ever,Ultra HD,daad90,1.52,Make Up For Ever,Ultra HD,d8ab8b,1.52
brown (115).jpg,Make Up For Ever,Ultra HD,dcb59c,2.27,L'Oréal,True Match,dcb29a,2.27,Maybelline,Fit Me Matte,dcb297,2.27
brown (116).jpg,L'Oréal,Infalliable,deb09e,2.85,Make Up For Ever,Ultra HD,dca795,2.85,L'Oréal,True Match,dcb29a,2.85
brown (117).jpg,MAC,Studio Fix,d0a97b,1.66,MAC,Studio Fix,d1ac7f,1.66,MAC,Studio Fix,d0a87f,1.66
brown (118).jpg,L'Oréal,Infalliable,d1a396,2.37,Make Up For Ever,Ultra HD,dca795,2.37,Make Up For Ever,Ultra HD,d79e89,2.37
brown (119).jpg,Maybelline,Fit Me Matte,d69c74,4.57,Make Up For Ever,Ultra HD,d19578,4.57,Make Up For Ever,Ultra HD,d69b81,4.57
brown (12).jpg,Maybelline,Fit Me,e4b38e,3.22,MAC,Studio Fix,cfa67d,3.22,Make Up For Ever,Ultra HD,d9a586,3.22
brown (120).jpg,Make Up For Ever,Ultra HD,ddb395,1.05,L'Oréal,True Match,ddb496,1.05,Maybelline,Fit Me,e2b597,1.05
brown (121).jpg,Make Up For Ever,Ultra HD,d9a586,1.52,L'Oréal,Infalliable,e5ad8b,1.52,Make Up For Ever,Ultra HD,d4a689,1.52
brown (122).jpg,Make Up For Ever,Ultra HD,dca795,2.5,L'Oréal,Infalliable,deb09e,2.5,L'Oréal,True Match,dcb29a,2.5
brown (123).jpg,L'Oréal,True Match,dcb29a,2.13,L'Oréal,Infalliable,deb09e,2.13,Make Up For Ever,Ultra HD,daad90,2.13
brown (124).jpg,Make Up For Ever,Ultra HD,d9a586,2.0,L'Oréal,Infalliable,cf9c7d,2.0,Maybelline,Fit Me,d09e7c,2.0
brown (125).jpg,MAC,Studio Fix,c5986d,3.2,L'Oréal,True Match,c29979,3.2,MAC,Studio Fix,c9a177,3.2
brown (13).jpg,L'Oréal,Infalliable,d1a396,2.1,Make Up For Ever,Ultra HD,dca795,2.1,L'Oréal,Infalliable,deb09e,2.1
brown (14).jpg,Make Up For Ever,Ultra HD,dcb59c,1.49,L'Oréal,True Match,dcb29a,1.49,Maybelline,Fit Me Matte,dcb297,1.49
brown (15).jpg,L'Oréal,Infalliable,deb09e,2.48,L'Oréal,Infalliable,d1a396,2.48,Make Up For Ever,Ultra HD,dca795,2.48
brown (16).jpg,Make Up For Ever,Ultra HD,d8ab8b,1.05,Make Up For Ever,Ultra HD,daad90,1.05,Make Up For Ever,Ultra HD,d4a689,1.05
brown (17).jpg,L'Oréal,Infalliable,e5ad8b,2.57,Make Up For Ever,Ultra HD,d9a586,2.57,Make Up For Ever,Ultra HD,e3b296,2.57
brown (18).jpg,Make Up For Ever,Ultra HD,d69b81,2.99,Make Up For Ever,Ultra HD,d9a586,2.99,L'Oréal,Infalliable,cf9c7d,2.99
brown (19).jpg,Make Up For Ever,Ultra HD,e3b296,1.88,Make Up For Ever,Ultra HD,daad90,1.88,Make Up For Ever,Ultra HD,d4a689,1.88
brown (2).jpg,Make Up For Ever,Ultra HD,d9a586,2.1,Maybelline,Fit Me,d09e7c,2.1,L'Oréal,Infalliable,cf9c7d,2.1
brown (20).jpg,Make Up For Ever,Ultra HD,d9a586,3.17,Maybelline,Fit Me,d09e7c,3.17,L'Oréal,Infalliable,e5ad8b,3.17
brown (21).jpg,Make Up For Ever,Ultra HD,d9a586,3.17,Maybelline,Fit Me,d09e7c,3.17,MAC,Studio Fix,cfa67d,3.17
brown (22).jpg,MAC,Studio Fix,d1a88a,3.17,Make Up For Ever,Ultra HD,daad90,3.17,L'Oréal,True Match,dcb29a,3.17
brown (23).jpg,Make Up For Ever,Ultra HD,d8ab8b,2.26,Make Up For Ever,Ultra HD,d9a586,2.26,Maybelline,Fit Me,e4b38e,2.26
brown (24).jpg,Maybelline,Fit Me,e2aa7b,1.76,L'Oréal,Infalliable,daa271,1.76,NARS,Velvet Matte,dfa575,1.76
brown (25).jpg,L'Oréal,Infalliable,deb09e,2.13,L'Oréal,True Match,dcb29a,2.13,Make Up For Ever,Ultra HD,dcb59c,2.13
brown (26).jpg,Make Up For Ever,Ultra HD,d9a586,2.0,Make Up For Ever,Ultra HD,d4a689,2.0,L'Oréal,Infalliable,cf9c7d,2.0
brown (27).jpg,Make Up For Ever,Ultra HD,d79e89,2.24,Make Up For Ever,Ultra HD,c99980,2.24,Make Up For Ever,Ultra HD,d69b81,2.24
brown (28).jpg,Make Up For Ever,Ultra HD,daad90,1.06,MAC,Studio Fix,d1a88a,1.06,Make Up For Ever,Ultra HD,d4a689,1.06
brown (29).jpg,L'Oréal,Infalliable,deb09e,2.35,L'Oréal,True Match,dcb29a,2.35,Make Up For Ever,Ultra HD,dcb59c,2.35
brown (3).jpg,Make Up For Ever,Ultra HD,e3b391,1.49,Make Up For Ever,Ultra HD,d8ab8b,1.49,Maybelline,Fit Me,e4b38e,1.49
brown (30).jpg,Maybelline,Fit Me,e4b38e,1.58,Make Up For Ever,Ultra HD,e3b391,1.58,Make Up For Ever,Ultra HD,e7b391,1.58
brown (31).jpg,Maybelline,Fit Me,e4b38e,2.27,Make Up For Ever,Ultra HD,e3b391,2.27,Make Up For Ever,Ultra HD,d8ab8b,2.27
brown (32).jpg,Make Up For Ever,Ultra HD,d79e89,2.16,Make Up For Ever,Ultra HD,dca795,2.16,Make Up For Ever,Ultra HD,d69b81,2.16
brown (33).jpg,L'Oréal,True Match,dcb29a,1.1,Make Up For Ever,Ultra HD,dcb59c,1.1,Maybelline,Fit Me Matte,dcb297,1.1
brown (34).jpg,L'Oréal,Infalliable,e5ad8b,3.04,Make Up For Ever,Ultra HD,d9a586,3.04,L'Oréal,Infalliable,e7ad82,3.04
brown (35).jpg,Make Up For Ever,Ultra HD,ddb395,1.05,L'Oréal,True Match,ddb496,1.05,Maybelline,Fit Me,e2b597,1.05
brown (36).jpg,Maybelline,Fit Me,e4b38e,1.49,Make Up For Ever,Ultra HD,e3b391,1.49,Make Up For Ever,Ultra HD,e7b391,1.49
brown (37).jpg,Make Up For Ever,Ultra HD,d8ab8b,1.0,Make Up For Ever,Ultra HD,d4a689,1.0,Make Up For Ever,Ultra HD,daad90,1.0
brown (38).jpg,Make Up For Ever,Ultra HD,daad90,1.77,Make Up For Ever,Ultra HD,d4a689,1.77,MAC,Studio Fix,d1a88a,1.77
brown (39).jpg,Make Up For Ever,Ultra HD,daad90,0.27,MAC,Studio Fix,d1a88a,0.27,Make Up For Ever,Ultra HD,d8ab8b,0.27
brown (4).jpg,Maybelline,Fit Me,e2aa7b,1.42,Maybelline,Fit Me,e3b082,1.42,NARS,Velvet Matte,e4aa7c,1.42
brown (40).jpg,Make Up For Ever,Ultra HD,d4a689,0.94,Make Up For Ever,Ultra HD,d8ab8b,0.94,Make Up For Ever,Ultra HD,daad90,0.94
brown (41).jpg,MAC,Studio Fix,d1ac7f,2.86,MAC,Studio Fix,d0a97b,2.86,MAC,Studio Fix,d4b588,2.86
brown (42).jpg,MAC,Studio Fix,d1a88a,2.0,Make Up For Ever,Ultra HD,d4a689,2.0,Make Up For Ever,Ultra HD,daad90,2.0
brown (43).jpg,NARS,Velvet Matte,dfa575,2.01,NARS,Velvet Matte,e4aa7c,2.01,NARS,Velvet Matte,dd9e6d,2.01
brown (44).jpg,MAC,Studio Fix,d1a88a,4.01,Make Up For Ever,Ultra HD,dcb59c,4.01,L'Oréal,True Match,dcb29a,4.01
brown (45).jpg,NARS,Velvet Matte,dd9e6d,3.26,NARS,Velvet Matte,dfa575,3.26,NARS,Velvet Matte,e4aa7c,3.26
brown (46).jpg,NARS,Velvet Matte,e6b685,4.92,L'Oréal,Infalliable,e8b481,4.92,Maybelline,Fit Me Matte,f0ba81,4.92
brown (47).jpg,L'Oréal,Infalliable,e5ad8b,3.04,Make Up For Ever,Ultra HD,d9a586,3.04,L'Oréal,Infalliable,e7ad82,3.04
brown (48).jpg,Maybelline,Fit Me Matte,d69c74,2.94,L'Oréal,Infalliable,e7ad82,2.94,Make Up For Ever,Ultra HD,d9a586,2.94
brown (49).jpg,Make Up For Ever,Ultra HD,e3b391,1.79,L'Oréal,Infalliable,e5ad8b,1.79,Make Up For Ever,Ultra HD,e7b391,1.79
brown (5).jpg,L'Oréal,Infalliable,e7ad82,4.22,NARS,Velvet Matte,e4aa7c,4.22,L'Oréal,Infalliable,e5ad8b,4.22
brown (50).jpg,Make Up For Ever,Ultra HD,e3b296,3.19,Make Up For Ever,Ultra HD,dca795,3.19,Make Up For Ever,Ultra HD,d4a689,3.19
brown (51).jpg,MAC,Studio Fix,d1a88a,2.46,Make Up For Ever,Ultra HD,d4a689,2.46,Make Up For Ever,Ultra HD,daad90,2.46
brown (52).jpg,Make Up For Ever,Ultra HD,d79e89,2.44,Make Up For Ever,Ultra HD,d4a689,2.44,Make Up For Ever,Ultra HD,dca795,2.44
brown (53).jpg,Make Up For Ever,Ultra HD,d9a586,1.73,L'Oréal,Infalliable,cf9c7d,1.73,Make Up For Ever,Ultra HD,d4a689,1.73
brown (54).jpg,L'Oréal,Infalliable,d1a396,4.26,L'Oréal,Infalliable,deb09e,4.26,L'Oréal,True Match,dcb29a,4.26
brown (55).jpg,Make Up For Ever,Ultra HD,d4a689,1.55,MAC,Studio Fix,d1a88a,1.55,Make Up For Ever,Ultra HD,d9a586,1.55
brown (56).jpg,L'Oréal,Infalliable,d1a396,2.54,Make Up For Ever,Ultra HD,dca795,2.54,Maybelline,Fit Me,bd9584,2.54
brown (57).jpg,L'Oréal,Infalliable,e5ad8b,1.9,Make Up For Ever,Ultra HD,d9a586,1.9,Make Up For Ever,Ultra HD,e7b391,1.9
brown (58).jpg,L'Oréal,Infalliable,d1a396,2.24,Make Up For Ever,Ultra HD,dca795,2.24,L'Oréal,Infalliable,deb09e,2.24
brown (59).jpg,Make Up For Ever,Ultra HD,d9a586,3.01,Maybelline,Fit Me,d09e7c,3.01,L'Oréal,Infalliable,e5ad8b,3.01
brown (6).jpg,MAC,Studio Fix,d0ae84,5.55,MAC,Studio Fix,d4b588,5.55,MAC,Studio Fix,d1ac7f,5.55
brown (60).jpg,Make Up For Ever,Ultra HD,daad90,0.67,MAC,Studio Fix,d1a88a,0.67,Make Up For Ever,Ultra HD,d4a689,0.67
brown (61).jpg,MAC,Studio Fix,d1a88a,4.17,L'Oréal,True Match,dcb29a,4.17,Make Up For Ever,Ultra HD,daad90,4.17
brown (62).jpg,Make Up For Ever,Ultra HD,e3b296,1.79,Make Up For Ever,Ultra HD,daad90,1.79,Make Up For Ever,Ultra HD,e3b391,1.79
brown (63).jpg,MAC,Studio Fix,d0a97b,3.66,MAC,Studio Fix,cba275,3.66,MAC,Studio Fix,cfa67d,3.66
brown (64).jpg,L'Oréal,Infalliable,d1a396,2.53,Make Up For Ever,Ultra HD,dca795,2.53,L'Oréal,Infalliable,deb09e,2.53
brown (65).jpg,L'Oréal,Infalliable,d1a396,1.83,Make Up For Ever,Ultra HD,dca795,1.83,L'Oréal,Infalliable,deb09e,1.83
brown (66).jpg,Make Up For Ever,Ultra HD,d8ab8b,1.24,MAC,Studio Fix,d5ad89,1.24,Make Up For Ever,Ultra HD,daad90,1.24
brown (67).jpg,Make Up For Ever,Ultra HD,dca795,3.26,Make Up For Ever,Ultra HD,d79e89,3.26,L'Oréal,Infalliable,d1a396,3.26
brown (68).jpg,L'Oréal,Infalliable,deb09e,4.33,L'Oréal,True Match,dcb29a,4.33,L'Oréal,Infalliable,d1a396,4.33
brown (69).jpg,Make Up For Ever,Ultra HD,d9a586,3.3,Make Up For Ever,Ultra HD,d4a689,3.3,Make Up For Ever,Ultra HD,e3b296,3.3
brown (7).jpg,Make Up For Ever,Ultra HD,e3b391,1.05,Maybelline,Fit Me,e4b38e,1.05,Maybelline,Fit Me Matte,e6b898,1.05
brown (70).jpg,Maybelline,Fit Me Matte,d69c74,5.48,L'Oréal,Infalliable,e5ad8b,5.48,Make Up For Ever,Ultra HD,d69b81,5.48
brown (71).jpg,L'Oréal,True Match,dcb29a,2.48,Make Up For Ever,Ultra HD,daad90,2.48,L'Oréal,Infalliable,deb09e,2.48
brown (72).jpg,Make Up For Ever,Ultra HD,d69b81,2.37,Make Up For Ever,Ultra HD,d79e89,2.37,Make Up For Ever,Ultra HD,d59682,2.37
brown (73).jpg,Make Up For Ever,Ultra HD,d4a689,0.55,Make Up For Ever,Ultra HD,d8ab8b,0.55,Make Up For Ever,Ultra HD,daad90,0.55
brown (74).jpg,Make Up For Ever,Ultra HD,d4a689,1.52,Make Up For Ever,Ultra HD,daad90,1.52,Make Up For Ever,Ultra HD,d8ab8b,1.52
brown (75).jpg,L'Oréal,Infalliable,e5ad8b,2.29,Make Up For Ever,Ultra HD,d9a586,2.29,Maybelline,Fit Me,e4b38e,2.29
brown (76).jpg,Make Up For Ever,Ultra HD,d4a689,1.01,MAC,Studio Fix,d1a88a,1.01,Make Up For Ever,Ultra HD,daad90,1.01
brown (77).jpg,L'Oréal,Infalliable,cf9c7d,3.07,Maybelline,Fit Me Matte,d69c74,3.07,Make Up For Ever,Ultra HD,d9a586,3.07
brown (78).jpg,Make Up For Ever,Ultra HD,dca795,2.39,Make Up For Ever,Ultra HD,d79e89,2.39,Make Up For Ever,Ultra HD,d4a689,2.39
brown (79).jpg,Make Up For Ever,Ultra HD,dca795,3.41,L'Oréal,Infalliable,d1a396,3.41,Make Up For Ever,Ultra HD,d79e89,3.41
brown (8).jpg,L'Oréal,Infalliable,deb09e,1.49,L'Oréal,True Match,dcb29a,1.49,Make Up For Ever,Ultra HD,dca795,1.49
brown (80).jpg,Make Up For Ever,Ultra HD,d69b81,4.11,Make Up For Ever,Ultra HD,d19578,4.11,Make Up For Ever,Ultra HD,d59682,4.11
brown (81).jpg,Make Up For Ever,Ultra HD,d4a689,2.32,Make Up For Ever,Ultra HD,d9a586,2.32,L'Oréal,Infalliable,cf9c7d,2.32
brown (82).jpg,Make Up For Ever,Ultra HD,dca795,2.56,L'Oréal,Infalliable,d1a396,2.56,Make Up For Ever,Ultra HD,d79e89,2.56
brown (83).jpg,Maybelline,Fit Me Matte,d69c74,3.26,Make Up For Ever,Ultra HD,d9a586,3.26,L'Oréal,Infalliable,e5ad8b,3.26
brown (84).jpg,Make Up For Ever,Ultra HD,d79e89,3.11,Make Up For Ever,Ultra HD,d9a586,3.11,Make Up For Ever,Ultra HD,d69b81,3.11
brown (85).jpg,L'Oréal,Infalliable,e5ad8b,2.19,Make Up For Ever,Ultra HD,d9a586,2.19,Make Up For Ever,Ultra HD,d4a689,2.19
brown (86).jpg,Make Up For Ever,Ultra HD,d9a586,1.66,Make Up For Ever,Ultra HD,d8ab8b,1.66,Make Up For Ever,Ultra HD,d4a689,1.66
brown (87).jpg,L'Oréal,Infalliable,deb09e,3.48,L'Oréal,True Match,dcb29a,3.48,L'Oréal,Infalliable,d1a396,3.48
brown (88).jpg,L'Oréal,Infalliable,d1a396,4.24,MAC,Studio Fix,d1a88a,4.24,L'Oréal,Infalliable,deb09e,4.24
brown (89).jpg,Make Up For Ever,Ultra HD,dcb59c,7.09,MAC,Studio Fix,dcbca2,7.09,Maybelline,Fit Me,bd9584,7.09
brown (9).jpg,Maybelline,Fit Me,e2aa7b,3.02,Maybelline,Fit Me,e3b082,3.02,L'Oréal,Infalliable,e7ad82,3.02
brown (90).jpg,Make Up For Ever,Ultra HD,dca795,3.26,Make Up For Ever,Ultra HD,d79e89,3.26,Make Up For Ever,Ultra HD,d4a689,3.26
brown (91).jpg,Make Up For Ever,Ultra HD,d69b81,3.1,Make Up For Ever,Ultra HD,d9a586,3.1,L'Oréal,Infalliable,cf9c7d,3.1
brown (92).jpg,L'Oréal,Infalliable,daa271,2.72,Maybelline,Fit Me,e2aa7b,2.72,NARS,Velvet Matte,dfa575,2.72
brown (93).jpg,Make Up For Ever,Ultra HD,d79e89,5.06,Make Up For Ever,Ultra HD,d59682,5.06,L'Oréal,Infalliable,d1a396,5.06
brown (94).jpg,L'Oréal,Infalliable,d1a396,3.23,Make Up For Ever,Ultra HD,dca795,3.23,Make Up For Ever,Ultra HD,d79e89,3.23
brown (95).jpg,Make Up For Ever,Ultra HD,dcb59c,1.79,Maybelline,Fit Me Matte,dcb297,1.79,Make Up For Ever,Ultra HD,ddb395,1.79
brown (96).jpg,L'Oréal,Infalliable,d1a396,3.07,Make Up For Ever,Ultra HD,dca795,3.07,L'Oréal,Infalliable,deb09e,3.07
brown (97).jpg,Make Up For Ever,Ultra HD,d59682,4.37,Make Up For Ever,Ultra HD,d79e89,4.37,Make Up For Ever,Ultra HD,dca795,4.37
brown (98).jpg,Make Up For Ever,Ultra HD,d9a586,1.7,Make Up For Ever,Ultra HD,d4a689,1.7,Make Up For Ever,Ultra HD,d8ab8b,1.7
brown (99).jpg,L'Oréal,Infalliable,daa271,2.96,Maybelline,Fit Me,e2aa7b,2.96,NARS,Velvet Matte,dfa575,2.96
white (1).jpg,MAC,Studio Fix,dcbca2,5.03,Make Up For Ever,Ultra HD,e1c2a8,5.03,MAC,Studio Fix,dbbc9f,5.03
white (10).jpg,L'Oréal,Infalliable,d1a396,10.85,Maybelline,Fit Me,bd9584,10.85,MAC,Studio Fix,dcbca2,10.85
white (100).jpg,L'Oréal,Infalliable,deb09e,3.18,Make Up For Ever,Ultra HD,dcb59c,3.18,L'Oréal,True Match,dcb29a,3.18
white (101).jpg,L'Oréal,Infalliable,deb09e,3.59,L'Oréal,Infalliable,d1a396,3.59,L'Oréal,True Match,dcb29a,3.59
white (102).jpg,L'Oréal,Infalliable,d1a396,7.7,Maybelline,Fit Me,e1bba7,7.7,Make Up For Ever,Ultra HD,dcb59c,7.7
white (103).jpg,L'Oréal,Infalliable,d1a396,8.07,Maybelline,Fit Me,bd9584,8.07,Make Up For Ever,Ultra HD,dcb59c,8.07
white (104).jpg,Make Up For Ever,Ultra HD,e3b296,2.49,L'Oréal,Infalliable,e5ad8b,2.49,Make Up For Ever,Ultra HD,daad90,2.49
white (105).jpg,MAC,Studio Fix,dcbca2,4.28,MAC,Studio Fix,dbbc9f,4.28,Make Up For Ever,Ultra HD,e1c2a8,4.28
white (106).jpg,Maybelline,Fit Me Matte,dcb297,1.05,Make Up For Ever,Ultra HD,dcb59c,1.05,L'Oréal,True Match,dcb29a,1.05
white (107).jpg,MAC,Studio Fix,dcbca2,7.18,Make Up For Ever,Ultra HD,dcb59c,7.18,Maybelline,Fit Me,e1bba7,7.18
white (108).jpg,MAC,Studio Fix,dcbca2,8.17,Make Up For Ever,Ultra HD,dcb59c,8.17,L'Oréal,Infalliable,d1a396,8.17
white (109).jpg,MAC,Studio Fix,dcbca2,4.04,Make Up For Ever,Ultra HD,dcb59c,4.04,Maybelline,Fit Me,e1bba7,4.04
white (11).jpg,L'Oréal,Infalliable,d1a396,9.56,Maybelline,Fit Me,e1bba7,9.56,MAC,Studio Fix,dcbca2,9.56
white (110).jpg,Make Up For Ever,Ultra HD,dcb59c,1.58,L'Oréal,True Match,dcb29a,1.58,Maybelline,Fit Me Matte,dcb297,1.58
white (111).jpg,L'Oréal,Infalliable,d1a396,4.08,Maybelline,Fit Me,bd9584,4.08,Make Up For Ever,Ultra HD,dca795,4.08
white (112).jpg,Make Up For Ever,Ultra HD,dca795,2.26,L'Oréal,Infalliable,d1a396,2.26,L'Oréal,Infalliable,deb09e,2.26
white (113).jpg,Make Up For Ever,Ultra HD,dcb59c,1.88,L'Oréal,True Match,dcb29a,1.88,Maybelline,Fit Me Matte,dcb297,1.88
white (114).jpg,Make Up For Ever,Ultra HD,dcb59c,2.85,L'Oréal,True Match,dcb29a,2.85,Maybelline,Fit Me Matte,dcb297,2.85
white (115).jpg,L'Oréal,Infalliable,deb09e,2.49,L'Oréal,Infalliable,d1a396,2.49,Make Up For Ever,Ultra HD,dca795,2.49
white (116).jpg,Make Up For Ever,Ultra HD,daad90,1.04,MAC,Studio Fix,d1a88a,1.04,Make Up For Ever,Ultra HD,ddb395,1.04
white (117).jpg,L'Oréal,Infalliable,deb09e,2.05,L'Oréal,True Match,dcb29a,2.05,Make Up For Ever,Ultra HD,dcb59c,2.05
white (118).jpg,Make Up For Ever,Ultra HD,dcb59c,2.49,MAC,Studio Fix,dcbca2,2.49,L'Oréal,True Match,dcb29a,2.49
white (119).jpg,L'Oréal,Infalliable,d1a396,4.87,Maybelline,Fit Me,bd9584,4.87,Make Up For Ever,Ultra HD,d79e89,4.87
white (12).jpg,L'Oréal,Infalliable,deb09e,3.18,Maybelline,Fit Me,e1bba7,3.18,L'Oréal,Infalliable,d1a396,3.18
white (120).jpg,Make Up For Ever,Ultra HD,d59682,3.85,Make Up For Ever,Ultra HD,d79e89,3.85,Make Up For Ever,Ultra HD,dca795,3.85
white (121).jpg,Make Up For Ever,Ultra HD,dcb59c,7.45,MAC,Studio Fix,dcbca2,7.45,L'Oréal,Infalliable,d1a396,7.45
white (122).jpg,MAC,Studio Fix,d1a88a,1.66,Make Up For Ever,Ultra HD,daad90,1.66,MAC,Studio Fix,d5b293,1.66
white (123).jpg,L'Oréal,Infalliable,deb09e,3.67,Maybelline,Fit Me,e1bba7,3.67,L'Oréal,True Match,dcb29a,3.67
white (124).jpg,Make Up For Ever,Ultra HD,e3b296,3.34,Make Up For Ever,Ultra HD,d9a586,3.34,Make Up For Ever,Ultra HD,d4a689,3.34
white (125).jpg,MAC,Studio Fix,d8b593,1.1,MAC,Studio Fix,d9b28d,1.1,MAC,Studio Fix,d5b293,1.1
white (13).jpg,L'Oréal,Infalliable,deb09e,3.9,Make Up For Ever,Ultra HD,dcb59c,3.9,L'Oréal,True Match,dcb29a,3.9
white (14).jpg,Make Up For Ever,Ultra HD,dca795,1.59,L'Oréal,Infalliable,deb09e,1.59,L'Oréal,Infalliable,d1a396,1.59
white (15).jpg,Maybelline,Fit Me,c1a07e,6.61,MAC,Studio Fix,d5b293,6.61,Make Up For Ever,Ultra HD,dcb59c,6.61
white (16).jpg,Make Up For Ever,Ultra HD,d8ab8b,1.51,Make Up For Ever,Ultra HD,e3b391,1.51,Make Up For Ever,Ultra HD,daad90,1.51
white (17).jpg,L'Oréal,Infalliable,deb09e,3.18,Make Up For Ever,Ultra HD,dcb59c,3.18,L'Oréal,True Match,dcb29a,3.18
white (18).jpg,Make Up For Ever,Ultra HD,dcb59c,1.45,L'Oréal,True Match,dcb29a,1.45,Maybelline,Fit Me Matte,dcb297,1.45
white (19).jpg,L'Oréal,Infalliable,d1a396,9.03,Maybelline,Fit Me,e1bba7,9.03,MAC,Studio Fix,dcbca2,9.03
white (2).jpg,L'Oréal,Infalliable,d1a396,13.04,Maybelline,Fit Me,bd9584,13.04,MAC,Studio Fix,dcbca2,13.04
white (20).jpg,MAC,Studio Fix,d2ae88,1.59,MAC,Studio Fix,d5ad89,1.59,MAC,Studio Fix,d0a87f,1.59
white (21).jpg,MAC,Studio Fix,d5b293,2.06,Make Up For Ever,Ultra HD,dcb59c,2.06,MAC,Studio Fix,d8b593,2.06
white (22).jpg,L'Oréal,Infalliable,deb09e,3.19,L'Oréal,Infalliable,d1a396,3.19,L'Oréal,True Match,dcb29a,3.19
white (23).jpg,L'Oréal,Infalliable,d1a396,10.88,Maybelline,Fit Me,e1bba7,10.88,MAC,Studio Fix,dcbca2,10.88
white (24).jpg,L'Oréal,Infalliable,d1a396,5.77,L'Oréal,Infalliable,deb09e,5.77,Maybelline,Fit Me,e1bba7,5.77
white (25).jpg,MAC,Studio Fix,dabc96,3.51,MAC,Studio Fix,d5b293,3.51,MAC,Studio Fix,d8b593,3.51
white (26).jpg,L'Oréal,Infalliable,d1a396,4.14,L'Oréal,Infalliable,deb09e,4.14,Make Up For Ever,Ultra HD,dcb59c,4.14
white (27).jpg,MAC,Studio Fix,dcbca2,7.66,MAC,Studio Fix,dbbc9f,7.66,MAC,Studio Fix,d5b293,7.66
white (28).jpg,L'Oréal,Infalliable,deb09e,3.35,L'Oréal,Infalliable,d1a396,3.35,Make Up For Ever,Ultra HD,dca795,3.35
white (29).jpg,Maybelline,Fit Me Matte,dcb297,0.08,Make Up For Ever,Ultra HD,ddb395,0.08,L'Oréal,True Match,ddb496,0.08
white (3).jpg,L'Oréal,Infalliable,deb09e,5.49,Make Up For Ever,Ultra HD,dcb59c,5.49,L'Oréal,Infalliable,d1a396,5.49
white (30).jpg,Make Up For Ever,Ultra HD,dcb59c,5.02,MAC,Studio Fix,dcbca2,5.02,L'Oréal,True Match,dcb29a,5.02
white (31).jpg,L'Oréal,Infalliable,d1a396,10.38,Maybelline,Fit Me,e1bba7,10.38,L'Oréal,True Match,e8c7b8,10.38
white (32).jpg,L'Oréal,Infalliable,d1a396,13.04,MAC,Studio Fix,dcbca2,13.04,Maybelline,Fit Me,bd9584,13.04
white (33).jpg,MAC,Studio Fix,d1a88a,2.32,Make Up For Ever,Ultra HD,daad90,2.32,Make Up For Ever,Ultra HD,d4a689,2.32
white (34).jpg,Make Up For Ever,Ultra HD,dcb59c,3.24,MAC,Studio Fix,dcbca2,3.24,Maybelline,Fit Me,e1bba7,3.24
white (35).jpg,Maybelline,Fit Me,e2aa7b,1.56,NARS,Velvet Matte,e4aa7c,1.56,NARS,Velvet Matte,dfa575,1.56
white (36).jpg,Make Up For Ever,Ultra HD,dcb59c,2.12,L'Oréal,True Match,dcb29a,2.12,MAC,Studio Fix,dcbca2,2.12
white (37).jpg,Make Up For Ever,Ultra HD,dca795,2.5,L'Oréal,Infalliable,deb09e,2.5,L'Oréal,True Match,dcb29a,2.5
white (38).jpg,L'Oréal,Infalliable,d1a396,7.3,Maybelline,Fit Me,e1bba7,7.3,L'Oréal,Infalliable,deb09e,7.3
white (39).jpg,MAC,Studio Fix,dcbca2,9.29,Maybelline,Fit Me,e1bba7,9.29,Make Up For Ever,Ultra HD,dcb59c,9.29
white (4).jpg,Maybelline,Fit Me,e1bba7,4.21,L'Oréal,Infalliable,deb09e,4.21,Make Up For Ever,Ultra HD,dcb59c,4.21
white (40).jpg,Maybelline,Fit Me,e4b38e,2.02,Maybelline,Fit Me,e3b082,2.02,Make Up For Ever,Ultra HD,e7b391,2.02
white (41).jpg,Maybelline,Fit Me,e1bba7,6.52,MAC,Studio Fix,dcbca2,6.52,L'Oréal,True Match,e8c7b8,6.52
white (42).jpg,Make Up For Ever,Ultra HD,e3b296,2.35,L'Oréal,Infalliable,deb09e,2.35,L'Oréal,True Match,dcb29a,2.35
white (43).jpg,Make Up For Ever,Ultra HD,dca795,2.77,L'Oréal,Infalliable,d1a396,2.77,Make Up For Ever,Ultra HD,d79e89,2.77
white (44).jpg,L'Oréal,Infalliable,d1a396,9.22,Maybelline,Fit Me,bd9584,9.22,Maybelline,Fit Me,e1bba7,9.22
white (45).jpg,Make Up For Ever,Ultra HD,dca795,2.28,L'Oréal,Infalliable,d1a396,2.28,Make Up For Ever,Ultra HD,d79e89,2.28
white (46).jpg,L'Oréal,Infalliable,deb09e,3.9,Make Up For Ever,Ultra HD,dcb59c,3.9,L'Oréal,True Match,dcb29a,3.9
white (47).jpg,Maybelline,Fit Me,e1bba7,5.82,L'Oréal,Infalliable,deb09e,5.82,L'Oréal,Infalliable,d1a396,5.82
white (48).jpg,Make Up For Ever,Ultra HD,dcb59c,2.35,MAC,Studio Fix,dcbca2,2.35,MAC,Studio Fix,dbbc9f,2.35
white (49).jpg,MAC,Studio Fix,dbbc9f,2.16,MAC,Studio Fix,dcbca2,2.16,Make Up For Ever,Ultra HD,dcb59c,2.16
white (5).jpg,Make Up For Ever,Ultra HD,dcb59c,1.45,L'Oréal,True Match,dcb29a,1.45,Maybelline,Fit Me Matte,dcb297,1.45
white (50).jpg,Make Up For Ever,Ultra HD,ddb395,1.23,L'Oréal,True Match,ddb496,1.23,Maybelline,Fit Me Matte,dcb297,1.23
white (51).jpg,Make Up For Ever,Ultra HD,daad90,1.68,Make Up For Ever,Ultra HD,e3b296,1.68,Maybelline,Fit Me Matte,dcb297,1.68
white (52).jpg,L'Oréal,True Match,dcb29a,3.06,Make Up For Ever,Ultra HD,daad90,3.06,MAC,Studio Fix,d1a88a,3.06
white (53).jpg,Maybelline,Fit Me,e1bba7,10.19,L'Oréal,True Match,e8c7b8,10.19,L'Oréal,Infalliable,d1a396,10.19
white (54).jpg,MAC,Studio Fix,dbbc9f,2.52,MAC,Studio Fix,d5b293,2.52,MAC,Studio Fix,d8b593,2.52
white (55).jpg,L'Oréal,Infalliable,d1a396,8.21,Maybelline,Fit Me,e1bba7,8.21,MAC,Studio Fix,dcbca2,8.21
white (56).jpg,L'Oréal,Infalliable,d1a396,6.59,L'Oréal,Infalliable,deb09e,6.59,Maybelline,Fit Me,e1bba7,6.59
white (57).jpg,MAC,Studio Fix,d0ae84,2.17,MAC,Studio Fix,d4b588,2.17,MAC,Studio Fix,d1ac7f,2.17
white (58).jpg,Make Up For Ever,Ultra HD,dcb59c,4.81,L'Oréal,Infalliable,deb09e,4.81,L'Oréal,True Match,dcb29a,4.81
white (59).jpg,Make Up For Ever,Ultra HD,daad90,1.42,Make Up For Ever,Ultra HD,e3b296,1.42,Maybelline,Fit Me Matte,dcb297,1.42
white (6).jpg,Make Up For Ever,Ultra HD,e3b391,1.23,Maybelline,Fit Me,e4b38e,1.23,Make Up For Ever,Ultra HD,d8ab8b,1.23
white (60).jpg,L'Oréal,Infalliable,d1a396,11.69,Maybelline,Fit Me,bd9584,11.69,MAC,Studio Fix,dcbca2,11.69
white (61).jpg,L'Oréal,Infalliable,deb09e,2.92,Maybelline,Fit Me,e1bba7,2.92,L'Oréal,True Match,dcb29a,2.92
white (62).jpg,L'Oréal,Infalliable,deb09e,3.18,Make Up For Ever,Ultra HD,dcb59c,3.18,L'Oréal,True Match,dcb29a,3.18
white (63).jpg,L'Oréal,Infalliable,deb09e,2.13,L'Oréal,True Match,dcb29a,2.13,Make Up For Ever,Ultra HD,dca795,2.13
white (64).jpg,L'Oréal,Infalliable,d1a396,9.23,Maybelline,Fit Me,bd9584,9.23,Maybelline,Fit Me,e1bba7,9.23
white (65).jpg,Make Up For Ever,Ultra HD,d9a586,1.42,Make Up For Ever,Ultra HD,d4a689,1.42,Make Up For Ever,Ultra HD,d8ab8b,1.42
white (66).jpg,L'Oréal,Infalliable,d1a396,5.71,L'Oréal,Infalliable,deb09e,5.71,Maybelline,Fit Me,bd9584,5.71
white (67).jpg,L'Oréal,Infalliable,d1a396,5.23,L'Oréal,Infalliable,deb09e,5.23,Make Up For Ever,Ultra HD,dcb59c,5.23
white (68).jpg,Make Up For Ever,Ultra HD,daad90,2.02,Make Up For Ever,Ultra HD,d4a689,2.02,Make Up For Ever,Ultra HD,e3b296,2.02
white (69).jpg,Make Up For Ever,Ultra HD,dcb59c,7.21,MAC,Studio Fix,dcbca2,7.21,L'Oréal,Infalliable,d1a396,7.21
white (7).jpg,L'Oréal,Infalliable,d1a396,7.85,Maybelline,Fit Me,bd9584,7.85,Maybelline,Fit Me,e1bba7,7.85
white (70).jpg,MAC,Studio Fix,d1a88a,2.21,Make Up For Ever,Ultra HD,daad90,2.21,Maybelline,Fit Me Matte,dcb297,2.21
white (71).jpg,L'Oréal,Infalliable,d1a396,4.4,L'Oréal,Infalliable,deb09e,4.4,Maybelline,Fit Me,e1bba7,4.4
white (72).jpg,L'Oréal,Infalliable,d1a396,4.16,L'Oréal,Infalliable,deb09e,4.16,Maybelline,Fit Me,e1bba7,4.16
white (73).jpg,Maybelline,Fit Me,bd9584,9.97,MAC,Studio Fix,dcbca2,9.97,L'Oréal,Infalliable,d1a396,9.97
white (74).jpg,Make Up For Ever,Ultra HD,daad90,1.44,MAC,Studio Fix,d1a88a,1.44,Maybelline,Fit Me Matte,dcb297,1.44
white (75).jpg,Maybelline,Fit Me Matte,d69c74,4.24,L'Oréal,Infalliable,e5ad8b,4.24,Make Up For Ever,Ultra HD,d9a586,4.24
white (76).jpg,MAC,Studio Fix,d0a97b,4.22,NARS,Velvet Matte,e6b685,4.22,MAC,Studio Fix,d1ac7f,4.22
white (77).jpg,L'Oréal,Infalliable,d1a396,3.57,L'Oréal,Infalliable,deb09e,3.57,L'Oréal,True Match,dcb29a,3.57
white (78).jpg,Make Up For Ever,Ultra HD,dcb59c,2.48,L'Oréal,True Match,dcb29a,2.48,Maybelline,Fit Me Matte,dcb297,2.48
white (79).jpg,MAC,Studio Fix,d5b293,1.95,MAC,Studio Fix,d8b593,1.95,MAC,Studio Fix,d1a88a,1.95
white (8).jpg,L'Oréal,Infalliable,d1a396,6.45,L'Oréal,Infalliable,deb09e,6.45,Maybelline,Fit Me,bd9584,6.45
white (80).jpg,Maybelline,Fit Me,bd9584,10.54,L'Oréal,Infalliable,d1a396,10.54,MAC,Studio Fix,dcbca2,10.54
white (81).jpg,L'Oréal,Infalliable,deb09e,3.24,Make Up For Ever,Ultra HD,dcb59c,3.24,L'Oréal,True Match,dcb29a,3.24
white (82).jpg,MAC,Studio Fix,d5b293,2.57,MAC,Studio Fix,d8b593,2.57,MAC,Studio Fix,dbbc9f,2.57
white (83).jpg,L'Oréal,Infalliable,d1a396,7.33,Maybelline,Fit Me,e1bba7,7.33,L'Oréal,Infalliable,deb09e,7.33
white (84).jpg,Make Up For Ever,Ultra HD,dcb59c,5.76,MAC,Studio Fix,dcbca2,5.76,Maybelline,Fit Me,e1bba7,5.76
white (85).jpg,L'Oréal,Infalliable,deb09e,2.85,Make Up For Ever,Ultra HD,dca795,2.85,L'Oréal,True Match,dcb29a,2.85
white (86).jpg,L'Oréal,Infalliable,d1a396,4.26,L'Oréal,Infalliable,deb09e,4.26,L'Oréal,True Match,dcb29a,4.26
white (87).jpg,Maybelline,Fit Me Matte,dcb297,1.05,Make Up For Ever,Ultra HD,dcb59c,1.05,L'Oréal,True Match,dcb29a,1.05
white (88).jpg,Make Up For Ever,Ultra HD,e3b296,1.88,Make Up For Ever,Ultra HD,daad90,1.88,Make Up For Ever,Ultra HD,d4a689,1.88
white (89).jpg,MAC,Studio Fix,d5b293,1.67,MAC,Studio Fix,d8b593,1.67,MAC,Studio Fix,d2ae88,1.67
white (9).jpg,L'Oréal,Infalliable,d1a396,5.51,L'Oréal,Infalliable,deb09e,5.51,Make Up For Ever,Ultra HD,dcb59c,5.51
white (90).jpg,MAC,Studio Fix,dcbca2,6.75,MAC,Studio Fix,dbbc9f,6.75,Make Up For Ever,Ultra HD,dcb59c,6.75
white (91).jpg,Make Up For Ever,Ultra HD,dcb59c,7.07,MAC,Studio Fix,dcbca2,7.07,MAC,Studio Fix,d5b293,7.07
white (92).jpg,MAC,Studio Fix,d5b293,2.06,MAC,Studio Fix,d2ae88,2.06,MAC,Studio Fix,d1a88a,2.06
white (93).jpg,Make Up For Ever,Ultra HD,dcb59c,3.59,L'Oréal,True Match,dcb29a,3.59,MAC,Studio Fix,d1a88a,3.59
white (94).jpg,L'Oréal,Infalliable,d1a396,2.96,L'Oréal,Infalliable,deb09e,2.96,Make Up For Ever,Ultra HD,dca795,2.96
white (95).jpg,L'Oréal,Infalliable,d1a396,8.07,Maybelline,Fit Me,bd9584,8.07,Maybelline,Fit Me,e1bba7,8.07
white (96).jpg,L'Oréal,Infalliable,d1a396,3.68,L'Oréal,Infalliable,deb09e,3.68,L'Oréal,True Match,dcb29a,3.68
white (97).jpg,Make Up For Ever,Ultra HD,dcb59c,3.63,MAC,Studio Fix,dcbca2,3.63,L'Oréal,True Match,dcb29a,3.63
white (98).jpg,Maybelline,Fit Me,bd9584,10.77,MAC,Studio Fix,dcbca2,10.77,L'Oréal,Infalliable,d1a396,10.77
white (99).jpg,Make Up For Ever,Ultra HD,dca795,2.0,L'Oréal,Infalliable,deb09e,2.0,L'Oréal,True Match,dcb29a,2.0
